{
    "0": {
        "precision": 0.9668615984405458,
        "recall": 0.9939879759519038,
        "f1-score": 0.9802371541501976,
        "support": 499.0
    },
    "1": {
        "precision": 0.94,
        "recall": 0.734375,
        "f1-score": 0.8245614035087719,
        "support": 64.0
    },
    "accuracy": 0.9644760213143873,
    "macro avg": {
        "precision": 0.9534307992202729,
        "recall": 0.864181487975952,
        "f1-score": 0.9023992788294848,
        "support": 563.0
    },
    "weighted avg": {
        "precision": 0.9638080597190627,
        "recall": 0.9644760213143873,
        "f1-score": 0.9625404435977087,
        "support": 563.0
    }
}